{"count":1,"self":127.09322239999999,"total":131.14542,"children":{"InitializeActuators":{"count":200,"self":0.0110029,"total":0.0110029,"children":null},"InitializeSensors":{"count":200,"self":0.024272099999999998,"total":0.024272099999999998,"children":null},"AgentSendState":{"count":543,"self":0.3780945,"total":2.6585237999999998,"children":{"CollectObservations":{"count":42801,"self":0.26485569999999997,"total":0.26485569999999997,"children":null},"WriteActionMask":{"count":42801,"self":1.8564888,"total":1.8564888,"children":null},"RequestDecision":{"count":42801,"self":0.1590848,"total":0.1590848,"children":null}}},"DecideAction":{"count":543,"self":0.19488609999999998,"total":0.19488609999999998,"children":null},"AgentAct":{"count":543,"self":1.1615062999999999,"total":1.1615062999999999,"children":null}},"gauges":{},"metadata":{"timer_format_version":"0.1.0","start_time_seconds":"1651332512","unity_version":"2020.3.25f1","command_line_arguments":"C:\\Program Files\\2020.3.25f1\\Editor\\Unity.exe -projectpath C:\\Develop\\dobutsu -useHub -hubIPC -cloudEnvironment production -licensingIpc LicenseClient-SeongYil -hubSessionId c9c3baa0-c7f7-11ec-948c-31776991f9ab -accessToken zvK3syJVwrjaXwcrVGy-QJoc6jFNP57wdDYMT9X2GW000df","communication_protocol_version":"1.5.0","com.unity.ml-agents_version":"2.2.1-exp.1","scene_name":"dobutsuMainScene","end_time_seconds":"1651332642"}}